<?xml version="1.0" encoding="UTF-8"?>

<beans xmlns="http://www.springframework.org/schema/beans"
  xmlns:xsi="http://www.w3.org/2001/XMLSchema-instance" xmlns:context="
  http://www.springframework.org/schema/context"
  xmlns:p="http://www.springframework.org.schema/p"
  xsi:schemaLocation="http://www.springframework.org/schema/beans
  https://www.springframework.org/schema/beans/spring-beans.xsd
  http://www.springframework.org/schema/context
  http://www.springframework.org/schema/context/spring-context.xsd">
 
 <bean name="emp1" class="com.springcore.collections.Emp">
 <property name="name" value="Antra Verma"/>
 <property name="phones">
 	<list>
 
 	</list>
 </property>
 
 <property name="addresses">
 	<set>
 		<value>Agra</value>
 		<value>Delhi</value>
 	
 	</set>
 
 
 </property>
 <property name="courses">
 	<map>
 		<entry  key="java" value="2month"/>
 		<entry  key="python" value="4month"/>
 	
 	</map>
 
 </property>
 
 
 
 </bean>

</beans>
